source_url,category,author,text
https://bsky.app/profile/redcrosscanada.bsky.social/post/3m663s2stms2n,donation_real_org,redcrosscanada.bsky.social,"📍West Island, Montreal  Households across Montreal’s West Island will lose power tonight as Hydro-Québec works on repairs.  Sébastien Labranche, Canadian Red Cross Emergency Management Director for Quebec, shares some tips on how to prepare for the power outage⬇️💡  montrealgazette.com/news/local-n..."
https://bsky.app/profile/redcrosscanada.bsky.social/post/3m63hluaf2s2i,donation_real_org,redcrosscanada.bsky.social,You can help us by donating today to our Philippines Appeal and support families with the care and hope they urgently need.
https://bsky.app/profile/redcrosscanada.bsky.social/post/3m63hlskhi22i,donation_real_org,redcrosscanada.bsky.social,"With support from @canadadev.bsky.social, the Canadian Red Cross is helping strengthen local response efforts with the Philippine Red Cross, through mobilization of financial assistance, pre-positioned relief supplies, and a Shelter Delegate to support efforts on the ground."
https://bsky.app/profile/redcrosscanada.bsky.social/post/3m63hlqytlk2i,donation_real_org,redcrosscanada.bsky.social,"Millions of people have been impacted by the earthquake and typhoons in the Philippines, leaving families without water, shelter or power. The Philippine Red Cross is leading rescues, first aid, and support in high-risk communities, with Protection, Gender and Inclusion at the centre of all efforts."
https://bsky.app/profile/redcrosscanada.bsky.social/post/3m5yjz7kisc2q,donation_real_org,redcrosscanada.bsky.social,🚨Parents and caregivers: this video is a MUST watch.  Knowing how to respond when a baby is choking is an essential life skill. Watch this short video to learn how to help a baby choking using back blows and chest compressions.⤵️  www.youtube.com/watch?v=uQE_...
https://bsky.app/profile/globalaffairs.canada.ca/post/3m5wn3x5dgq2j,donation_real_org,globalaffairs.canada.ca,📢 #ICYMI: We are matching donations to Canadian Red Cross #Hurricane #Melissa Appeal.  Join us in supporting urgent relief for impacted communities.   Donate Today!
https://bsky.app/profile/redcrosscanada.bsky.social/post/3m5uanqkkzk2f,donation_real_org,redcrosscanada.bsky.social,*Other helpful items to consider adding: ⏳Kitty litter or sand 🗺A roadmap 🧤Work gloves 💡Road flares  Learn more: www.redcross.ca/training-and...
https://bsky.app/profile/redcrosscanada.bsky.social/post/3m5uanfzdz22f,donation_real_org,redcrosscanada.bsky.social,"Do you have snow in your area? ❄️  Before the next snowfall, make sure your car is stocked with a winter emergency kit.  Here are some essentials you should always keep in your car during winter.⤵️"
https://bsky.app/profile/redcrosscanada.bsky.social/post/3m5tiihyy3c23,donation_real_org,redcrosscanada.bsky.social,Think you know CPR? You might be surprised. 👀 Let’s clear up some of the most common myths we hear all the time ⤵️  Sign up for a CPR course and learn the skills that could help save a life: myrc.redcross.ca/en/
https://bsky.app/profile/redcrosscanada.bsky.social/post/3m5ecpy3w2c2k,donation_real_org,redcrosscanada.bsky.social,"📍Quebec First big snowfall of the year!  If your power is out: ✅Turn off all appliances and electronics ✅Keep fridge and freezer doors closed as much as possible ✅Use flashlights instead of candles ❌Never use barbecues, camping heaters, or generators indoors ➕ brnw.ch/21wXoey"
https://bsky.app/profile/redcrosscanada.bsky.social/post/3m5bwam4rfs22,donation_real_org,redcrosscanada.bsky.social,"5. Caring for Self and Caring for Others 📆Tuesday, November 25 ⏰12-1PM ET / 10-11AM MT"
https://bsky.app/profile/redcrosscanada.bsky.social/post/3m5bwam4qgk22,donation_real_org,redcrosscanada.bsky.social,"3. Learn to Use Ready Rating™: Emergency preparedness planning for businesses and organizations 📆Tuesday, November 18 ⏰1-2PM EDT / 11AM-12PM MDT  4. Be Ready: Winter Storms and Extreme Cold 📆Thursday, November 20 ⏰12-1PM ET / 10-11AM MT"
https://bsky.app/profile/redcrosscanada.bsky.social/post/3m5bwalxmek22,donation_real_org,redcrosscanada.bsky.social,"1. Service Continuity Planning 101 for Community Organizations 📆Thursday, November 13 ⏰1-2PM ET / 11AM-12PM MT  2. Be Ready: General Preparedness 📆Monday, November 17 ⏰12-1PM ET / 10-11AM MT"
https://bsky.app/profile/redcrosscanada.bsky.social/post/3m5bw5zbnhs22,donation_real_org,redcrosscanada.bsky.social,"🤩 Coming up: we’re hosting 5 free virtual webinars in our Disaster Preparedness & Risk Reduction Series.  Learn simple, practical steps to help you and your community get ready for emergencies.  Register now: brnw.ch/21wWslF"
https://bsky.app/profile/redcrosscanada.bsky.social/post/3m4yd6oj4m22p,donation_real_org,redcrosscanada.bsky.social,🌍𝗡𝗲𝘄 𝘀𝗲𝗿𝗶𝗲𝘀 𝗮𝗹𝗲𝗿𝘁!  We’re launching 𝙀𝙢𝙚𝙧𝙜𝙚𝙣𝙘𝙞𝙚𝙨 𝙤𝙣 𝙩𝙝𝙚 𝙍𝙖𝙙𝙖𝙧 - a monthly video series that takes you behind the scenes of our disaster response work worldwide. Here’s a sneak peak of Episode 1 ⬇️  🎥Watch the full episode on YouTube: www.youtube.com/canadianredcross
https://bsky.app/profile/redcrosscanada.bsky.social/post/3m4vqf6jyjc2s,donation_real_org,redcrosscanada.bsky.social,"🌍 𝗜𝗻𝘁𝗿𝗼𝗱𝘂𝗰𝗶𝗻𝗴 𝗼𝘂𝗿 𝗻𝗲𝘄 𝘃𝗶𝗱𝗲𝗼 𝘀𝗲𝗿𝗶𝗲𝘀: 𝗘𝗺𝗲𝗿𝗴𝗲𝗻𝗰𝗶𝗲𝘀 𝗼𝗻 𝘁𝗵𝗲 𝗥𝗮𝗱𝗮𝗿!  In this monthly series, experts will share updates on how the Red Cross Red Crescent Movement is responding to emergencies around the world.  Watch Episode 1 now! 🎥⤵️ www.youtube.com/watch?v=VFE_..."
https://bsky.app/profile/redcrosscanada.bsky.social/post/3m4vbsxhirk26,donation_real_org,redcrosscanada.bsky.social,🌊Tsunamis can hit people in coastal areas within minutes after a severe earthquake. Stay safe:  ✅ Make a personalized preparedness emergency kit ✅ Move to higher ground ✅ Be aware of secondary hazards ✅ Know the difference between a tsunami warning & a tsunami watch  ➕ brnw.ch/21wXe7b
https://bsky.app/profile/globalaffairs.canada.ca/post/3m4srvulc7k2w,donation_real_org,globalaffairs.canada.ca,"Working with @redcrosscanada.bsky.social, #Canada is sending vital humanitarian supplies to #Jamaica to support communities affected by #Hurricane #Melissa.   Blankets, hygiene kits, kitchen sets and other urgently needed relief supplies will be provided to those in need."
https://bsky.app/profile/redcrosscanada.bsky.social/post/3m4tevoh75s2y,donation_real_org,redcrosscanada.bsky.social,⛈️ Storms can hit unexpectedly. Be prepared for power outages:  💡Listen to local news 💡Have at least 3 days of emergency supplies available 💡Keep your gas tank at least half full 💡Ensure your flashlight has working batteries  Stay safe: www.redcross.ca/how-we-help/...
https://bsky.app/profile/redcrosscanada.bsky.social/post/3m4ta7pk2722n,donation_real_org,redcrosscanada.bsky.social,"✈Now’s your chance to create a new holiday tradition!  Thanks to the Air Canada Foundation and Ramada by Wyndham, you could win round trip flights for two and 45,000 Wyndham points for a multi-night stay.  Contest runs until December 2, 2025. Enter now: www.redcross.ca/lp/campaigns..."
https://bsky.app/profile/decappeal.bsky.social/post/3m4xlmd7pv224,donation_real_org,decappeal.bsky.social,"Hani* is worried about spending the winter in a tent.   His family, like many other in Gaza, have been displaced multiple times since the war began. People are in dire need of secure shelter.   Your donation can make a difference.   Please donate today: donation.dec.org.uk/middle-east-..."
https://bsky.app/profile/decappeal.bsky.social/post/3m3p346twrx2y,donation_real_org,decappeal.bsky.social,Thank you to Their Majesties The King and Queen @royalfamily.bsky.social for supporting the DEC Middle East Humanitarian Appeal once again.  DEC charities have been scaling up their response in Gaza following the ceasefire agreement last week. Donations are helping to meet urgent needs.
https://bsky.app/profile/decappeal.bsky.social/post/3m3ox3taynv2n,donation_real_org,decappeal.bsky.social,"Safe access for humanitarian aid is beginning to increase. DEC charities and their local partners are adapting their programmes to deliver more food, water and medical care.    Donations to the Middle East Humanitarian Appeal are supporting their vital work.  donation.dec.org.uk/middle-east-appeal"
https://bsky.app/profile/decappeal.bsky.social/post/3m3k4eba3uh24,donation_real_org,decappeal.bsky.social,Mouhand* lost his livelihood and needs cancer treatment.   Many families in Gaza have lost so much and urgently need assistance. The levels of need are catastrophic.   Your donation can be a lifeline.  Please donate today: donation.dec.org.uk/middle-east-appeal
https://bsky.app/profile/decappeal.bsky.social/post/3m3hbkox2ho2n,donation_real_org,decappeal.bsky.social,Hadi is scared about what another winter in Gaza will mean for his family.   Many families like Hadi's need urgent assistance. The levels of need in Gaza are catastrophic.  Your donation can be a lifeline.  Please donate today. donation.dec.org.uk/middle-east-appeal
https://bsky.app/profile/decappeal.bsky.social/post/3m3foup223q2o,donation_real_org,decappeal.bsky.social,Asma* wishes to have a place to hold her children in her arms and feel safe.  Many families like Asma's need urgent assistance. The levels of need in Gaza are catastrophic.  Your donation can be a lifeline.  Please donate today. donation.dec.org.uk/middle-east-appeal
https://bsky.app/profile/decappeal.bsky.social/post/3m3csxd5hl32k,donation_real_org,decappeal.bsky.social,"Safaa* wants to see her children live a dignified life, but right now, every day feels like a battle to survive.  Many families like Safaa's need urgent assistance, as the levels of need in Gaza are catastrophic.   Please donate today: donation.dec.org.uk/middle-east-appeal"
https://bsky.app/profile/decappeal.bsky.social/post/3m3anbqpoon2r,donation_real_org,decappeal.bsky.social,"DEC charities and their local partners are scaling up their work again after months of extraordinary challenges delivering aid.   The levels of need are catastrophic. As people look towards an uncertain future, your support can be a lifeline.  Donate: https://donation.dec.org.uk/middle-east-appeal"
https://bsky.app/profile/decappeal.bsky.social/post/3m2wplbzyqc2y,donation_real_org,decappeal.bsky.social,"""Sustained access for humanitarian aid is critical to end the famine and save lives"" - Saleh Saeed, DEC.   Read more on how the UK public can support families in Gaza through our appeal: https://www.itv.com/news/2025-10-10/un-says-aid-into-gaza-to-be-stepped-up-from-sunday-how-will-they-achieve-this"
https://bsky.app/profile/decappeal.bsky.social/post/3m2w45xewmj2z,donation_real_org,decappeal.bsky.social,"What does the ceasefire agreement in Gaza mean for aid delivery?  After months of extraordinary challenges, DEC charities are preparing to rapidly scale up their response again. The levels of need are catastrophic - and donations are urgently needed.  Read more: https://t.co/yjhkOcP3dF"
https://bsky.app/profile/decappeal.bsky.social/post/3m2tb2levzf2x,donation_real_org,decappeal.bsky.social,The ceasefire agreement in Gaza provides desperately-needed hope and relief for so many people whose lives have been devastated by conflict.  DEC charities and their local partners are now preparing to scale up their work.  Please donate: donation.dec.org.uk/middle-east-appeal
https://bsky.app/profile/decappeal.bsky.social/post/3m25cnfyv6i2z,donation_real_org,decappeal.bsky.social,"The first global Humanitarian Memorial was launched today by HRH the Prince of Wales in Gunnersbury Park, London to commemorates humanitarians of all nationalities who have been killed in service, and honours those who continue to put their lives at risk to help others in need  #HumanitarianMemorial"
https://bsky.app/profile/decappeal.bsky.social/post/3lzqcyrczgc2s,donation_real_org,decappeal.bsky.social,"This weekend marks six-months since a powerful 7.7 magnitude earthquake struck Myanmar. Thousands of people were killed, and many more lost their homes and livelihoods  Thanks to the generosity of the UK public, the DEC Myanmar Earthquake Appeal has so far raised more than £27 million. Thank you!"
https://bsky.app/profile/decappeal.bsky.social/post/3lzqcphzoo22s,donation_real_org,decappeal.bsky.social,"Our Myanmar Earthquake Appeal has so far raised an incredible £27 million. Thank you!  In the first three months of the response, over 240,000 people were reached with support, but the needs remain huge.  Find out more: www.dec.org.uk/appeal/myanm..."
https://bsky.app/profile/decappeal.bsky.social/post/3lyi43akyc22k,donation_real_org,decappeal.bsky.social,The DEC Middle East Humanitarian Appeal has now raised over £50 million. Thank you!  The majority of appeal funds spent so far have supported programmes in Gaza. DEC charities are doing everything they can to continue providing support in the catastrophic conditions  www.dec.org.uk/appeal/middl...
https://bsky.app/profile/decappeal.bsky.social/post/3lwytpwc3jk2d,donation_real_org,decappeal.bsky.social,"Famine has been confirmed in Gaza. The global hunger monitor, the IPC, announced that famine across Gaza City and surrounding areas.  DEC charities and their trusted local partners are doing everything they can, but sustained access for food and other aid supplies in Gaza has never been more urgent."
https://bsky.app/profile/decappeal.bsky.social/post/3lwh3dvvzyk2b,donation_real_org,decappeal.bsky.social,"“The situation is catastrophic.”   Dr. Alaa Al-Sharif is an Emergency Physician at a Field Hospital in Gaza. The hospital is supported by donations to the DEC Middle East Humanitarian Appeal.  Staff work 24-hour shifts with little food, help is needed.  Donate today: www.dec.org.uk/appeal/middl..."
https://bsky.app/profile/decappeal.bsky.social/post/3lwgrofp2322k,donation_real_org,decappeal.bsky.social,"“Not a single ICU bed is vacant daily”   Dr. Nafeth Al-Qarm is a medical director at a hospital in Gaza City, supported by the DEC Middle East Humanitarian Appeal.  Medical staff are collapsing from hunger & exhaustion. People are on the brink.  Donate today: www.dec.org.uk/appeal/middl..."
https://bsky.app/profile/decappeal.bsky.social/post/3lw54lahtfk2s,donation_real_org,decappeal.bsky.social,The DEC Annual Report and Accounts 2024/2025 are now published.  Thank you for your incredible support.   Read more on how your donations helped people affected by disasters: www.dec.org.uk/annual-report
https://bsky.app/profile/decappeal.bsky.social/post/3lvqdp55iec2o,donation_real_org,decappeal.bsky.social,"Everyday is a fight to survive for families like Nedaa*'s.  In Gaza, people are dying of starvation and malnutrition everyday.   Safe and sustained access for humanitarian supplies has never been more urgent.  Donate today: www.dec.org.uk/appeal/middl..."
https://bsky.app/profile/drewscanlon.bsky.social/post/3lzw3rfdenk24,donation_real_individual,drewscanlon.bsky.social,"Rounding out Bike MS Stream Weekend with some game called ""Metal Gear Solid Triangle""  Donate at BlinkingGuy.com Watch at twitch.tv/drewscanlon"
https://bsky.app/profile/drewscanlon.bsky.social/post/3lztndmw2lk24,donation_real_individual,drewscanlon.bsky.social,Continuing to stream for Bike MS! Gonna play some throwback FPS games for a bit.  Donate at BlinkingGuy.com Watch at Twitch.tv/drewscanlon
https://bsky.app/profile/drewscanlon.bsky.social/post/3lzrl4noo3s2d,donation_real_individual,drewscanlon.bsky.social,"Donations are still going strong, so I'm gonna spool up the ol' stream machine again for a bit!  Donate at BlinkingGuy.com Watch at twitch.tv/drewscanlon"
https://bsky.app/profile/drewscanlon.bsky.social/post/3lzqsbfehxs2f,donation_real_individual,drewscanlon.bsky.social,"Hi Internet! I'm Drew and THIS IS MY FACE.  If this GIF has ever brought you joy in the past, I humbly ask you to consider making a donation to the National MS Society. It would mean a lot to me and to those I know affected by the disease!  Donate at blinkingguy.com"
https://bsky.app/profile/drewscanlon.bsky.social/post/3lzf3pzmy3f2t,donation_real_individual,drewscanlon.bsky.social,"And if four hours of Drew wasn’t enough for you today, a new I THINK IT’S ABOUT just dropped!  Here’s our episode on WarGames: ithinkitsabout.com/episodes/epi..."
https://bsky.app/profile/drewscanlon.bsky.social/post/3lzezx4gduc22,donation_real_individual,drewscanlon.bsky.social,"ARCHIVE UP of this year's Bike MS fundraising stream, featuring @vinnycaravella.bsky.social, a fake plane crash, and... actually DOING things in Star Citizen??!  Donations still open at blinkingguy.com!  www.youtube.com/watch?v=V3AV..."
https://bsky.app/profile/drewscanlon.bsky.social/post/3lze7gaaiss2u,donation_real_individual,drewscanlon.bsky.social,CORRECTED donation link: blinkingguy.com
https://bsky.app/profile/drewscanlon.bsky.social/post/3lze5w7xfk22u,donation_real_individual,drewscanlon.bsky.social,"We are LIVE! Join us for spaceships, etc.  Streaming at twitch.tv/drewscanlon Donate at BlinkngGuy.com"
https://bsky.app/profile/drewscanlon.bsky.social/post/3lze5mn6lts2u,donation_real_individual,drewscanlon.bsky.social,Starting soon! @vinnycaravella.bsky.social is joining me for this year's Bike MS stream (read: Star Citizen check-in plus other weird stuff).  Streaming at twitch.tv/drewscanlon Donate at BlinkngGuy.com
https://bsky.app/profile/drewscanlon.bsky.social/post/3lzc2jm23fc2n,donation_real_individual,drewscanlon.bsky.social,It's that time again! @vinnycaravella.bsky.social and I are streaming TOMORROW to benefit the National MS Society.  Donate at blinkingguy.com
https://bsky.app/profile/drewscanlon.bsky.social/post/3lxq2rgv4zc2w,donation_real_individual,drewscanlon.bsky.social,"Brass knucks was apparently Godfather 2! arstechnica.com/gaming/2009/...  I also seem to recall a large, uh, package being delivered to Giant Bomb for Saints Row. www.giantbomb.com/penetrator/3..."
https://bsky.app/profile/drewscanlon.bsky.social/post/3lxe24espmc2q,donation_real_individual,drewscanlon.bsky.social,I THINK IT’S ABOUT is BACK from summer break with SPIDERS  ithinkitsabout.com/episodes/epi...
https://bsky.app/profile/janochoa.bsky.social/post/3lwtonosq6c2k,donation_real_individual,janochoa.bsky.social,YO GANG! Make sure to do this so you can keep your GB accounts! You'll get +10 podcast points if you do!
https://bsky.app/profile/danryckert.com/post/3lwouujt4ms2g,donation_real_individual,danryckert.com,Many people are saying this!
https://bsky.app/profile/drewscanlon.bsky.social/post/3lwhusuxrgr2m,donation_real_individual,drewscanlon.bsky.social,Going to try something weird over here: twitch.tv/drewscanlon
https://bsky.app/profile/drewscanlon.bsky.social/post/3lvh3x7zxlb2b,donation_real_individual,drewscanlon.bsky.social,Also lol I broke the DNS records when I migrated domains so sorry if anyone thought we ghosted
https://bsky.app/profile/drewscanlon.bsky.social/post/3lvh3uwoejm2f,donation_real_individual,drewscanlon.bsky.social,Realized we took a summer break on I THINK IT’S ABOUT without actually announcing we were taking a summer break. We’re taking a summer break! We’ll be back this month 🍿  If you want to catch up: ithinkitsabout.com
https://bsky.app/profile/drewscanlon.bsky.social/post/3lovyvlw4cg2j,donation_real_individual,drewscanlon.bsky.social,"YES! Congrats, you guys!!!"
https://bsky.app/profile/drewscanlon.bsky.social/post/3lnpsdibbpf2i,donation_real_individual,drewscanlon.bsky.social,"Um. While I wasn’t looking, the Internet went and donated TEN THOUSAND DOLLARS to my charity bike ride?!?  Thank you, Internet!!/What is happening??  blinkingguy.com"
https://bsky.app/profile/drewscanlon.bsky.social/post/3lmuuoqr4nj2b,donation_real_individual,drewscanlon.bsky.social,Feeling under the weather… so going to stream some video games? twitch.tv/drewscanlon
https://bsky.app/profile/mediaversityreviews.com/post/3m63yx5ftwc2e,donation_real_individual,mediaversityreviews.com,Luca Guadagnino's #AfterTheHunt just landed on Prime Video 👀 Our diversity review from @supergavigator.bsky.social: www.mediaversityreviews.com/film-reviews...
https://bsky.app/profile/supergavigator.bsky.social/post/3m5wfzni5l222,donation_real_individual,supergavigator.bsky.social,"Just an fyi, I’ll be at #AdventureX this Sunday!  Feel free to message me here or grab me at the event if you wanna chat!"
https://bsky.app/profile/supergavigator.bsky.social/post/3m5tu3x2upk2r,donation_real_individual,supergavigator.bsky.social,"Never expected to show Felicity Jones, Jason Schwartzman, Dominic Sessa and Chloe Grace Moretz my corgi Christmas jumper, but here we are."
https://bsky.app/profile/supergavigator.bsky.social/post/3m5jp23l2nc25,donation_real_individual,supergavigator.bsky.social,"A lot of it is self-inflicted, but shall be taking it slow once the busy period is over!   🫶🏻"
https://bsky.app/profile/supergavigator.bsky.social/post/3m5jo6rpve22f,donation_real_individual,supergavigator.bsky.social,Reaching new levels of burnout I never knew existed ✌🏻
https://bsky.app/profile/supergavigator.bsky.social/post/3m524tey3t22n,donation_real_individual,supergavigator.bsky.social,Check out my film where I chat with the stars of a film about playing characters that act in a film.  Renate Reinsve and Inga Ibsdotter Lilleaas chat about Sentimental Value on the LFF red carpet:
https://bsky.app/profile/kotaku.com/post/3m4yd45q3qv2z,donation_real_individual,kotaku.com,Geoff Keighley's Future Class leaves a messy legacy https://kotaku.com/game-awards-2025-future-class-tgas-geoff-keighley-2000641757
https://bsky.app/profile/supergavigator.bsky.social/post/3m4up52xacc24,donation_real_individual,supergavigator.bsky.social,Watching Mamdani win the NYC election:
https://bsky.app/profile/hannahstrong.co.uk/post/3m4ubfas3uk2u,donation_real_individual,hannahstrong.co.uk,it might be asking too much but i'd really like the UK voting population who are still of sound mind to look at new york tonight and realise that we fucking CAN keep farage out of no. 10 and that labour and the tories are not a foregone conclusion. better options exist and they can become a reality!
https://bsky.app/profile/supergavigator.bsky.social/post/3m4hzjrf4dc2v,donation_real_individual,supergavigator.bsky.social,Did I have issues with Hamnet?  Yes Did I cry buckets? Also yes.   Full review here: filmhounds.co.uk/2025/10/hamn...
https://bsky.app/profile/supergavigator.bsky.social/post/3m4g3nvzsik26,donation_real_individual,supergavigator.bsky.social,"So that Dream Island is the devs testing out functions for the new Animal Crossing, right?"
https://bsky.app/profile/supergavigator.bsky.social/post/3m4dak4oul22s,donation_real_individual,supergavigator.bsky.social,"Finally getting round to asking: which 2D programmers should I be following? Preferably LGBTQ+, or have an interest in exploring queer themes in games.  Asking for ✨reasons✨"
https://bsky.app/profile/supergavigator.bsky.social/post/3m4bbfcrj5s2o,donation_real_individual,supergavigator.bsky.social,"Finally watched Del Toro’s Frankenstein.   Good god, what a movie. I need David Bradley and Del Toro to work together forever."
https://bsky.app/profile/noethematt.bsky.social/post/3m4aqwrmqtk2r,donation_real_individual,noethematt.bsky.social,"""I DON'T NEED YOU TO FUCKING REWRITE WHAT I'VE JUST WRITTEN!"""
https://bsky.app/profile/supergavigator.bsky.social/post/3m46x2nxqr22a,donation_real_individual,supergavigator.bsky.social,"It’s here! The full H is for Hawk red carpet interview coverage is now live.   Was a lot of fun editing, and what an experience it was chatting to such lovely cast and crew.   Check it out over at @filmhounds.co.uk: filmhounds.co.uk/2025/10/h-is..."
https://bsky.app/profile/supergavigator.bsky.social/post/3m3nux3w2ms2o,donation_real_individual,supergavigator.bsky.social,Please enjoy this chaotic yet profound video of me chatting with the wonderful Claire Foy on the red carpet.   Will have a full H is for Hawk video (with many more guests) coming soon!
https://bsky.app/profile/supergavigator.bsky.social/post/3m3nfhoxsmc2a,donation_real_individual,supergavigator.bsky.social,I plan on being there!
https://bsky.app/profile/supergavigator.bsky.social/post/3m3l6jrktic23,donation_real_individual,supergavigator.bsky.social,Yeah you were 🫶🏻
https://bsky.app/profile/supergavigator.bsky.social/post/3m3kzcz6fl22o,donation_real_individual,supergavigator.bsky.social,There’s hardly been any game dev stuff from myself since I’ve been slammed with the day job and film journo work.  But…  The queer representation in games panel talk I did with the amazing @eerieseymour.bsky.social at the Norwich Games Fest is now available to watch!  youtu.be/ca_RaPWVFpQ?...
https://bsky.app/profile/supergavigator.bsky.social/post/3m3kbahrltk2x,donation_real_individual,supergavigator.bsky.social,"Don’t need to personally attack me like that, jeez."
https://bsky.app/profile/taryndevere.bsky.social/post/3m6aqufn7pc2x,talks_about_donations_no_ask,taryndevere.bsky.social,Oh ffs what's the point of COP if they repeatedly ignore the fossil fuel industry?
https://bsky.app/profile/taryndevere.bsky.social/post/3m6apuq3sks2x,talks_about_donations_no_ask,taryndevere.bsky.social,Another glorious win for FFG housing policies
https://bsky.app/profile/taryndevere.bsky.social/post/3m66nnnjn3c2p,talks_about_donations_no_ask,taryndevere.bsky.social,☹️☹️
https://bsky.app/profile/taryndevere.bsky.social/post/3m66nk3hbkk2p,talks_about_donations_no_ask,taryndevere.bsky.social,It seems like a reckless move based on a fear of power-sharing to me. But what would I know about Harris's motivations 🤷
https://bsky.app/profile/virginmedianews.bsky.social/post/3m65sbrmz6l2s,talks_about_donations_no_ask,virginmedianews.bsky.social,"A High Court jury has ruled that billionaire businessman Denis O’Brien defamed solicitors Darragh Mackin and Gavin Booth in a 2016 press release. Both men have been awarded €411,000 in damages.  The jury also found O’Brien’s spokesperson, James Morrissey, liable for defamation.  #VMNews"
https://bsky.app/profile/taryndevere.bsky.social/post/3m65xfnwonc2p,talks_about_donations_no_ask,taryndevere.bsky.social,I hope the victim has lots of good support around them. Sending lots of love to this person 💗
https://bsky.app/profile/taryndevere.bsky.social/post/3m65f32btqk2p,talks_about_donations_no_ask,taryndevere.bsky.social,Thank you x
https://bsky.app/profile/taryndevere.bsky.social/post/3m654p4g6zk2p,talks_about_donations_no_ask,taryndevere.bsky.social,"That's awful to hear Hannah, I'm so sorry that happened to you. I think we've made the best of a bad situation but I'm angry beyond measure at FFG who created this housing crisis."
https://bsky.app/profile/taryndevere.bsky.social/post/3m652chkjms2p,talks_about_donations_no_ask,taryndevere.bsky.social,Thank you x
https://bsky.app/profile/taryndevere.bsky.social/post/3m64zxcfi522p,talks_about_donations_no_ask,taryndevere.bsky.social,Thanks Claire x
https://bsky.app/profile/taryndevere.bsky.social/post/3m64zwkjhvc2p,talks_about_donations_no_ask,taryndevere.bsky.social,"I do feel lucky because I know so many people don't have a place to stay,  but watching how hard it's all been on my kids is really difficult,  it's hard not feel like a bad parent."
https://bsky.app/profile/taryndevere.bsky.social/post/3m64zmxejjk2p,talks_about_donations_no_ask,taryndevere.bsky.social,#BoycottIsrael
https://bsky.app/profile/taryndevere.bsky.social/post/3m64zjuqgfs2p,talks_about_donations_no_ask,taryndevere.bsky.social,"My family are split up and living in other people's homes, yet we're the lucky homeless - the ones who have a regular bed to sleep in. I've seen over the last year and a half how difficult it is on my kids & I have to offset my sadness over that with feeling grateful we're not in a homeless hub."
https://bsky.app/profile/taryndevere.bsky.social/post/3m64zjtwajc2p,talks_about_donations_no_ask,taryndevere.bsky.social,"My family had to split up, I had 2 adult kids who couchsurfed. One couchsurfed for over a year. My younger kids are living with their dad's family because the alternative was that we present as homeless to the council.  We gave away 90% of what we owned because no one has space to store."
https://bsky.app/profile/taryndevere.bsky.social/post/3m64z7a5cwc2p,talks_about_donations_no_ask,taryndevere.bsky.social,I often wonder if my kids & I should be counted in these statistics. When I couldn't find anywhere to rent my kids had to move in with their grandparents & I moved into a friend's spare room as a temporary measure. I'm still here over a year later - because there's nowhere affordable to rent
https://bsky.app/profile/taryndevere.bsky.social/post/3m63pceir5c2d,talks_about_donations_no_ask,taryndevere.bsky.social,Exactly!
https://bsky.app/profile/taryndevere.bsky.social/post/3m63mizesxc2d,talks_about_donations_no_ask,taryndevere.bsky.social,This is a much needed and long overdue change. And not just for women candidates.
https://bsky.app/profile/taryndevere.bsky.social/post/3m63mh3g5nc2d,talks_about_donations_no_ask,taryndevere.bsky.social,Why is he constantly being treated with kid gloves?
https://bsky.app/profile/taryndevere.bsky.social/post/3m63meinwi22d,talks_about_donations_no_ask,taryndevere.bsky.social,Did he have the power to make this decision himself? Surely MM would have some sway?
https://bsky.app/profile/virginmedianews.bsky.social/post/3m6365vqvxh22,talks_about_donations_no_ask,virginmedianews.bsky.social,"Friends of the Earth has created a cold, draughty sitting room outside the Dáil to highlight energy poverty.  Renters taking part say they are paying high rents for substandard, poorly insulated homes and facing rising energy bills as winter sets in.  #VMNews"
https://bsky.app/profile/thetnholler.bsky.social/post/3m5p5dut2tc2d,talks_about_donations_no_ask,thetnholler.bsky.social,We agree with LadyVols_fan31 this guy should be nowhere near a badge
https://bsky.app/profile/bboxart.bsky.social/post/3m5ostoajoc2y,talks_about_donations_no_ask,bboxart.bsky.social,Pretty good sign
https://bsky.app/profile/bboxart.bsky.social/post/3m5nemsgfrs2o,talks_about_donations_no_ask,bboxart.bsky.social,bsky.app/profile/anti...
https://bsky.app/profile/frankfigliuzzi.bsky.social/post/3m5mwu5oloc2m,talks_about_donations_no_ask,frankfigliuzzi.bsky.social,"Pam Bondi will not have a license to practice law when this is all over. You can’t stay a bar member and agree to investigate only members of one political party for child sexual abuse but not members of the other. And, you can’t do it after previously saying no one else could be charged."
https://bsky.app/profile/bboxart.bsky.social/post/3m5ne5qmhr22o,talks_about_donations_no_ask,bboxart.bsky.social,She's a moderate. Good Dem
https://bsky.app/profile/bboxart.bsky.social/post/3m5ne3nhdcc2o,talks_about_donations_no_ask,bboxart.bsky.social,Good candidate.
https://bsky.app/profile/bboxart.bsky.social/post/3m5ndwsu6pc2o,talks_about_donations_no_ask,bboxart.bsky.social,Same.
https://bsky.app/profile/bboxart.bsky.social/post/3m5ndvzdlts2o,talks_about_donations_no_ask,bboxart.bsky.social,Lina Khan needs a bigger role in the hopefully next Dem admin
https://bsky.app/profile/bboxart.bsky.social/post/3m5ndr7rb2k2o,talks_about_donations_no_ask,bboxart.bsky.social,The US is in another stupidity phase. We'll be back.
https://bsky.app/profile/bboxart.bsky.social/post/3m5nclm2w5c2o,talks_about_donations_no_ask,bboxart.bsky.social,South Dakota is so happy she's gone.
https://bsky.app/profile/bboxart.bsky.social/post/3m5ncj4hgmc2o,talks_about_donations_no_ask,bboxart.bsky.social,My kids are about to take my phone away from screaming at it.
https://bsky.app/profile/bboxart.bsky.social/post/3m5nceprwr22o,talks_about_donations_no_ask,bboxart.bsky.social,If we ever make it to Thanksgiving 2028 I will give a prayer of thanks in the middle of my Cul-de-sac.   This is exhausting.
https://bsky.app/profile/bboxart.bsky.social/post/3m5nbzc5yd22o,talks_about_donations_no_ask,bboxart.bsky.social,He's out-tweeting Nancy Mace
https://bsky.app/profile/bboxart.bsky.social/post/3m5nbv6tlr22o,talks_about_donations_no_ask,bboxart.bsky.social,Slotkin is making the moves.
https://bsky.app/profile/bboxart.bsky.social/post/3m5nbctvckk2o,talks_about_donations_no_ask,bboxart.bsky.social,It is going to cure cancer some day. At least prevent it.
https://bsky.app/profile/atrupar.com/post/3m5myqbgcsk26,talks_about_donations_no_ask,atrupar.com,"Whatever Trump is desperately covering up about Epstein, it’s clearly so bad that he thinks it could destroy him"
https://bsky.app/profile/bboxart.bsky.social/post/3m5mz2gtsas2l,talks_about_donations_no_ask,bboxart.bsky.social,🎈
https://bsky.app/profile/bboxart.bsky.social/post/3m5d5cswvus2x,talks_about_donations_no_ask,bboxart.bsky.social,"Now you know why ""Independent"" is the majority party."
https://bsky.app/profile/marcelias.bsky.social/post/3m5cm7cdais22,talks_about_donations_no_ask,marcelias.bsky.social,"🚨BREAKING: In a win for Wisconsin voters, a state judge vacated a ruling that would have forced election officials to conduct mass citizenship checks — a move voting rights advocates warned could have wrongly purged some citizens from the rolls. www.democracydocket.com/news-alerts/..."
https://bsky.app/profile/bboxart.bsky.social/post/3m5d52eohus2x,talks_about_donations_no_ask,bboxart.bsky.social,Open AI needs to pay for it's own utility power. Every megawatt
https://bsky.app/profile/trekkiebill.bsky.social/post/3m6aukztu4c2i,no_donations,trekkiebill.bsky.social,The hull number would make this an official USS Intrepid toy.
https://bsky.app/profile/coldwarhost.bsky.social/post/3m6asbwdzjs2n,no_donations,coldwarhost.bsky.social,Ian W Toll's Pacific War Trilogy was like that for me.  And this box set (which I wish I had) is visually magnificent
https://bsky.app/profile/trekkiebill.bsky.social/post/3m6arcesaes2m,no_donations,trekkiebill.bsky.social,
https://bsky.app/profile/chanda.blacksky.app/post/3m6aowqpyz22m,no_donations,chanda.blacksky.app,"That Symone Sanders tweet is about as smart as a bag of rocks. Really.   The Mayor of DC said the invasion of her own city was welcome  The future Mayor of NYC went and called him a fascist and genocide supporter on international television from the Oval Office   Like, the difference is yuge"
https://bsky.app/profile/trekkiebill.bsky.social/post/3m6aoqfc2nk2m,no_donations,trekkiebill.bsky.social,Accurate
https://bsky.app/profile/paranoia2k.bsky.social/post/3m6aojhnfsk2a,no_donations,paranoia2k.bsky.social,
https://bsky.app/profile/louisathelast.bsky.social/post/3m6agrqofyc27,no_donations,louisathelast.bsky.social,"That is what I keep saying, as someone who is attracted to women— no, it’s not terrible to see an older teenager and think she’s attractive. It’s terrible to *realize she’s a teenager* and *keep looking*"
https://bsky.app/profile/trekkiebill.bsky.social/post/3m6adrda7ts2d,no_donations,trekkiebill.bsky.social,Why? 🤣
https://bsky.app/profile/trekkiebill.bsky.social/post/3m66lry6vvk2r,no_donations,trekkiebill.bsky.social,The fact that she's stayed vertical for 130 years is remarkable.
https://bsky.app/profile/trekkiebill.bsky.social/post/3m66kq3xjx22r,no_donations,trekkiebill.bsky.social,"Fun fact: the wreck of HMS Victoria (1887) sits upright in the Mediterranean Sea, having been lost in a collision with HMS Camperdown on 22 June 1893."
https://bsky.app/profile/trekkiebill.bsky.social/post/3m66iycw47c2r,no_donations,trekkiebill.bsky.social,Then Bond takes the dude's wife to his hotel room.
https://bsky.app/profile/trekkiebill.bsky.social/post/3m66ejrbswc2e,no_donations,trekkiebill.bsky.social,"I, too, plan to take over an island of 80,000 with just myself and my buddy."
https://bsky.app/profile/trekkiebill.bsky.social/post/3m66dzgsq6k2f,no_donations,trekkiebill.bsky.social,"Babylon 5 ""Racing Mars"""
https://bsky.app/profile/trekkiebill.bsky.social/post/3m66dmpihis2f,no_donations,trekkiebill.bsky.social,Since #stargate is coming back
https://bsky.app/profile/trekkiebill.bsky.social/post/3m66dkbx37c2f,no_donations,trekkiebill.bsky.social,Waiting for her to see this
https://bsky.app/profile/trekkiebill.bsky.social/post/3m66cjmbbuc2f,no_donations,trekkiebill.bsky.social,
https://bsky.app/profile/trekkiebill.bsky.social/post/3m66aujxv4s2f,no_donations,trekkiebill.bsky.social,
https://bsky.app/profile/trekkiebill.bsky.social/post/3m664d7do2k2t,no_donations,trekkiebill.bsky.social,Do you smell burning toast?
https://bsky.app/profile/trekkiebill.bsky.social/post/3m65u5jfd7c2u,no_donations,trekkiebill.bsky.social,They kick the left in the teeth and wonder why the left doesn't vote for them.
https://bsky.app/profile/theonion.com/post/3m65r2umx6e22,no_donations,theonion.com,What To Know About ‘Pluribus’ https://theonion.com/what-to-know-about-pluribus/
https://bsky.app/profile/decappeal.bsky.social/post/3m4xlmd7pv224,no_donations,decappeal.bsky.social,"Hani* is worried about spending the winter in a tent.   His family, like many other in Gaza, have been displaced multiple times since the war began. People are in dire need of secure shelter.   Your donation can make a difference.   Please donate today: donation.dec.org.uk/middle-east-..."
https://bsky.app/profile/decappeal.bsky.social/post/3m3p346twrx2y,no_donations,decappeal.bsky.social,Thank you to Their Majesties The King and Queen @royalfamily.bsky.social for supporting the DEC Middle East Humanitarian Appeal once again.  DEC charities have been scaling up their response in Gaza following the ceasefire agreement last week. Donations are helping to meet urgent needs.
https://bsky.app/profile/decappeal.bsky.social/post/3m3ox3taynv2n,no_donations,decappeal.bsky.social,"Safe access for humanitarian aid is beginning to increase. DEC charities and their local partners are adapting their programmes to deliver more food, water and medical care.    Donations to the Middle East Humanitarian Appeal are supporting their vital work.  donation.dec.org.uk/middle-east-appeal"
https://bsky.app/profile/decappeal.bsky.social/post/3m3k4eba3uh24,no_donations,decappeal.bsky.social,Mouhand* lost his livelihood and needs cancer treatment.   Many families in Gaza have lost so much and urgently need assistance. The levels of need are catastrophic.   Your donation can be a lifeline.  Please donate today: donation.dec.org.uk/middle-east-appeal
https://bsky.app/profile/decappeal.bsky.social/post/3m3hbkox2ho2n,no_donations,decappeal.bsky.social,Hadi is scared about what another winter in Gaza will mean for his family.   Many families like Hadi's need urgent assistance. The levels of need in Gaza are catastrophic.  Your donation can be a lifeline.  Please donate today. donation.dec.org.uk/middle-east-appeal
https://bsky.app/profile/decappeal.bsky.social/post/3m3foup223q2o,no_donations,decappeal.bsky.social,Asma* wishes to have a place to hold her children in her arms and feel safe.  Many families like Asma's need urgent assistance. The levels of need in Gaza are catastrophic.  Your donation can be a lifeline.  Please donate today. donation.dec.org.uk/middle-east-appeal
https://bsky.app/profile/decappeal.bsky.social/post/3m3csxd5hl32k,no_donations,decappeal.bsky.social,"Safaa* wants to see her children live a dignified life, but right now, every day feels like a battle to survive.  Many families like Safaa's need urgent assistance, as the levels of need in Gaza are catastrophic.   Please donate today: donation.dec.org.uk/middle-east-appeal"
https://bsky.app/profile/decappeal.bsky.social/post/3m3anbqpoon2r,no_donations,decappeal.bsky.social,"DEC charities and their local partners are scaling up their work again after months of extraordinary challenges delivering aid.   The levels of need are catastrophic. As people look towards an uncertain future, your support can be a lifeline.  Donate: https://donation.dec.org.uk/middle-east-appeal"
https://bsky.app/profile/decappeal.bsky.social/post/3m2wplbzyqc2y,no_donations,decappeal.bsky.social,"""Sustained access for humanitarian aid is critical to end the famine and save lives"" - Saleh Saeed, DEC.   Read more on how the UK public can support families in Gaza through our appeal: https://www.itv.com/news/2025-10-10/un-says-aid-into-gaza-to-be-stepped-up-from-sunday-how-will-they-achieve-this"
https://bsky.app/profile/decappeal.bsky.social/post/3m2w45xewmj2z,no_donations,decappeal.bsky.social,"What does the ceasefire agreement in Gaza mean for aid delivery?  After months of extraordinary challenges, DEC charities are preparing to rapidly scale up their response again. The levels of need are catastrophic - and donations are urgently needed.  Read more: https://t.co/yjhkOcP3dF"
https://bsky.app/profile/decappeal.bsky.social/post/3m2tb2levzf2x,no_donations,decappeal.bsky.social,The ceasefire agreement in Gaza provides desperately-needed hope and relief for so many people whose lives have been devastated by conflict.  DEC charities and their local partners are now preparing to scale up their work.  Please donate: donation.dec.org.uk/middle-east-appeal
https://bsky.app/profile/decappeal.bsky.social/post/3m25cnfyv6i2z,no_donations,decappeal.bsky.social,"The first global Humanitarian Memorial was launched today by HRH the Prince of Wales in Gunnersbury Park, London to commemorates humanitarians of all nationalities who have been killed in service, and honours those who continue to put their lives at risk to help others in need  #HumanitarianMemorial"
https://bsky.app/profile/decappeal.bsky.social/post/3lzqcyrczgc2s,no_donations,decappeal.bsky.social,"This weekend marks six-months since a powerful 7.7 magnitude earthquake struck Myanmar. Thousands of people were killed, and many more lost their homes and livelihoods  Thanks to the generosity of the UK public, the DEC Myanmar Earthquake Appeal has so far raised more than £27 million. Thank you!"
https://bsky.app/profile/decappeal.bsky.social/post/3lzqcphzoo22s,no_donations,decappeal.bsky.social,"Our Myanmar Earthquake Appeal has so far raised an incredible £27 million. Thank you!  In the first three months of the response, over 240,000 people were reached with support, but the needs remain huge.  Find out more: www.dec.org.uk/appeal/myanm..."
https://bsky.app/profile/decappeal.bsky.social/post/3lyi43akyc22k,no_donations,decappeal.bsky.social,The DEC Middle East Humanitarian Appeal has now raised over £50 million. Thank you!  The majority of appeal funds spent so far have supported programmes in Gaza. DEC charities are doing everything they can to continue providing support in the catastrophic conditions  www.dec.org.uk/appeal/middl...
https://bsky.app/profile/decappeal.bsky.social/post/3lwytpwc3jk2d,no_donations,decappeal.bsky.social,"Famine has been confirmed in Gaza. The global hunger monitor, the IPC, announced that famine across Gaza City and surrounding areas.  DEC charities and their trusted local partners are doing everything they can, but sustained access for food and other aid supplies in Gaza has never been more urgent."
https://bsky.app/profile/decappeal.bsky.social/post/3lwh3dvvzyk2b,no_donations,decappeal.bsky.social,"“The situation is catastrophic.”   Dr. Alaa Al-Sharif is an Emergency Physician at a Field Hospital in Gaza. The hospital is supported by donations to the DEC Middle East Humanitarian Appeal.  Staff work 24-hour shifts with little food, help is needed.  Donate today: www.dec.org.uk/appeal/middl..."
https://bsky.app/profile/decappeal.bsky.social/post/3lwgrofp2322k,no_donations,decappeal.bsky.social,"“Not a single ICU bed is vacant daily”   Dr. Nafeth Al-Qarm is a medical director at a hospital in Gaza City, supported by the DEC Middle East Humanitarian Appeal.  Medical staff are collapsing from hunger & exhaustion. People are on the brink.  Donate today: www.dec.org.uk/appeal/middl..."
https://bsky.app/profile/decappeal.bsky.social/post/3lw54lahtfk2s,no_donations,decappeal.bsky.social,The DEC Annual Report and Accounts 2024/2025 are now published.  Thank you for your incredible support.   Read more on how your donations helped people affected by disasters: www.dec.org.uk/annual-report
https://bsky.app/profile/decappeal.bsky.social/post/3lvqdp55iec2o,no_donations,decappeal.bsky.social,"Everyday is a fight to survive for families like Nedaa*'s.  In Gaza, people are dying of starvation and malnutrition everyday.   Safe and sustained access for humanitarian supplies has never been more urgent.  Donate today: www.dec.org.uk/appeal/middl..."
